{"eval_exact_match": 78.11731315042573, "eval_f1": 86.08043201244742}