{"eval_loss": 0.3775829076766968, "eval_accuracy": 0.8955497145652771, "eval_runtime": 22.4559, "eval_samples_per_second": 438.281, "eval_steps_per_second": 54.819}